id,link,sectors,severity,answers
0,https://www.dream-alcala.com/gran-inundacion-en-alcala-de-henares-tras-la-rotura-de-una-tuberia/,"['Transporte', 'Agua y Alimentos']","{'Transporte': 0.0, 'Agua y Alimentos': 0.3333333333333333}","{8: 0.0, 15: 1.0}"
1,https://www.larazon.es/el-tiempo/borrasca-fria-espana-directo-ultima-hora-temporal-tormentas-lluvias-torrenciales-granizo_202309156503f12998383a00011cd4c1.html,['Transporte'],{'Transporte': 0.375},"{7: 0.5, 8: 1.0}"
2,https://www.levante-emv.com/comunitat-valenciana/2023/09/19/dana-deja-lluvia-torrencial-granizo-92291214.html,['Transporte'],{'Transporte': 0.375},"{7: 0.5, 8: 1.0}"
3,https://www.elmundo.es/espana/2023/10/28/653d565cfc6c838f768b45b0.html,['Transporte'],{'Transporte': 0.9375},"{5: 1.0, 6: 1.0, 7: 0.75, 8: 1.0}"
4,https://www.lavozdegalicia.es/noticia/galicia/2023/10/28/nuevo-frente-deja-galicia-lluvia-fuertes-vientos-durante-sabado/00031698504215983982884.htm,['Transporte'],{'Transporte': 0.8125},"{5: 1.0, 6: 0.75, 7: 0.5, 8: 1.0}"
5,https://www.abc.es/espana/madrid/alerta-roja-lluvias-madrid-directo-estado-carreteras-incidencias-metro-cercanias-20231019162135-di.html,['Transporte'],{'Transporte': 0.4375},"{7: 0.75, 8: 1.0}"
6,https://www.farodevigo.es/sociedad/2023/10/20/tren-borrascas-aline-deja-galicia-93553121.html,['Transporte'],{'Transporte': 0.75},"{6: 1.0, 7: 1.0, 8: 1.0}"
7,https://metropolitano.gal/enfoque/la-borrasca-celine-deja-numerosas-incidencias-en-vigo-y-area-donde-se-espera-otra-semana-de-lluvia/,['Transporte'],{'Transporte': 0.4375},"{5: 0.75, 8: 1.0}"
8,https://www.elidealgallego.com/articulo/area-metropolitana/colapso-autopista-accidente-altura-barcala-4490748,['Transporte'],{'Transporte': 0.1875},{8: 0.75}
9,https://www.20minutos.es/noticia/5185878/0/varios-rescatados-huelva-tras-anegarse-sus-viviendas-por-lluvia/,"['Transporte', 'Sanidad']","{'Transporte': 0.25, 'Sanidad': 0.08333333333333333}","{8: 1.0, 11: 0.25}"
10,https://www.diariodepontevedra.es/articulo/pontevedra/temporal-vuelve-golpear-dureza-marin/202310290852181276755.html,"['Transporte', 'Aguas Residuales']","{'Transporte': 0.5625, 'Aguas Residuales': 0.7352941176470589}","{5: 0.25, 6: 1.0, 8: 1.0, 17: 1.0, 19: 0.75}"
11,https://www.lavozdegalicia.es/noticia/galicia/2023/10/26/galicia-registra-frente-lluvias-deja-balsas-agua-riadas-localizadas-inundaciones-crecidas-rios/00031698334986085205729.htm,['Transporte'],{'Transporte': 0.375},"{5: 0.5, 8: 1.0}"
12,https://www.larazon.es/el-tiempo/temporal-espana-directo-alertas-ultima-hora-zonas-afectadas-borrasca-aline_20231020653216c4a1cbe00001722a03.html,['Transporte'],{'Transporte': 0.9375},"{5: 0.75, 6: 1.0, 7: 1.0, 8: 1.0}"
13,https://www.larazon.es/el-tiempo/borrasca-ciaran-directo-ultima-hora-zonas-espana-afectadas-temporal-lluvia-viento-nieve_202311036544ade8f6ca72000147fd57.html,"['Energia', 'Transporte']","{'Energia': 0.7142857142857143, 'Transporte': 1.0}","{0: 1.0, 1: 1.0, 5: 1.0, 6: 1.0, 7: 1.0, 8: 1.0}"
14,https://www.cope.es/emisoras/galicia/noticias/asi-afectar-borrasca-domingos-galicia-olas-hasta-metros-este-sabado-20231103_2981711,['Transporte'],{'Transporte': 0.5},"{6: 1.0, 8: 1.0}"
15,https://www.galiciapress.es/articulo/sociedad/2023-11-14/4533615-temporal-descarrila-tren-ferrol-ribadeo-e-inunda-neda-pero-remite-no-habra-alertas,['Transporte'],{'Transporte': 0.5},"{7: 1.0, 8: 1.0}"
16,https://www.elidealgallego.com/articulo/galicia/inundaciones-desbordamientos-toda-galicia-causa-temporal-4533073,['Transporte'],{'Transporte': 0.25},{8: 1.0}
17,https://es-us.noticias.yahoo.com/deportes/lluvia-granizo-provocan-inundaciones-guadalajara-204721431.html,['Transporte'],{'Transporte': 0.25},{8: 1.0}
18,https://www.elfinanciero.com.mx/estados/2023/09/08/tormenta-en-zapopan-deja-dos-personas-sin-vida/,"['Energia', 'Transporte']","{'Energia': 0.11904761904761904, 'Transporte': 0.25}","{0: 0.25, 8: 1.0}"
19,https://www.eloccidental.com.mx/policiaca/tormenta-cobro-dos-vidas-en-zapopan-10662054.html,['Transporte'],{'Transporte': 0.25},{8: 1.0}
20,https://www.informador.mx/Tormenta-en-Guadalajara-deja-2-muertos-en-tunel-suman-7-en-temporal-l202309080001.html,"['Energia', 'Transporte']",{'Transporte': 0.25},{8: 1.0}
21,https://www.zonadocs.mx/2024/07/11/temporal-de-lluvia-arrasa-con-decenas-de-arboles-en-zapopan/,['Transporte'],{'Transporte': 0.25},{8: 1.0}
22,https://www.informador.mx/Lluvias-en-Guadalajara-Fracasan-las-medidas-para-prevenir-muertes-por-inundaciones-l202309090001.html,['Transporte'],{'Transporte': 0.25},{8: 1.0}
23,https://www.rtve.es/noticias/20230904/efectos-dana-ultima-hora-directo-madrid-toledo/2455085.shtml,"['Transporte', 'Agua y Alimentos']","{'Transporte': 0.5, 'Agua y Alimentos': 0.6666666666666666}","{7: 1.0, 8: 1.0, 14: 1.0, 15: 1.0}"
24,https://www.abc.es/sociedad/dana-espana-muertos-carreteras-cortadas-temporal-metro-madrid-toledo-castilla-lamancha-hoy-20230904122329-di.html,['Transporte'],{'Transporte': 0.25},"{7: 0.0, 8: 1.0}"
25,https://www.infobae.com/mexico/2023/09/26/suman-ocho-muertos-tras-desbordamiento-de-arroyo-en-autlan-de-navarro/,"['Transporte', 'Sanidad']",{'Transporte': 0.1875},{8: 0.75}
26,https://jalisco.quadratin.com.mx/sucesos/lluvias-causan-el-desbordamiento-del-arroyo-el-jalocote-en-autlan/,['Transporte'],{'Transporte': 0.25},{8: 1.0}
27,https://jalisco.quadratin.com.mx/principal/lluvias-en-autlan-de-navarro-deja-al-menos-7-muertos-y-9-desaparecidos/,['Transporte'],{'Transporte': 0.25},{8: 1.0}
28,https://www.elfinanciero.com.mx/estados/2023/10/22/tormenta-norma-en-sinaloa-abren-albergues-y-cierran-aeropuertos-en-el-estado/,"['Energia', 'Transporte']","{'Energia': 0.5952380952380952, 'Transporte': 0.75}","{0: 0.75, 1: 1.0, 5: 1.0, 6: 1.0, 8: 1.0}"
29,https://www.eleconomista.com.mx/estados/Sequia-ocasionara-caida-de-produccion-y-alza-generalizada-en-precio-de-alimentos-CNA-20231024-0146.html,['Agua y Alimentos'],{'Agua y Alimentos': 0.6666666666666666},"{14: 1.0, 16: 1.0}"
30,https://www.infobae.com/mexico/2023/12/04/prediccion-del-estado-del-tiempo-en-guadalajara-para-este-4-de-diciembre/,['Agua y Alimentos'],{'Agua y Alimentos': 0.6666666666666666},"{14: 1.0, 16: 1.0}"
31,https://www.informador.mx/jalisco/Clima-hoy-Guadalajara-Lluvias-dejan-afectaciones-en-la-ciudad-estos-fueron-los-puntos-inundados-20231207-0053.html,['Transporte'],{'Transporte': 0.1875},{8: 0.75}
32,https://www.huelvainformacion.es/provincia/Evacuados-inundacion-Palmares-San-Juan_0_1843615838.html,"['Transporte', 'Sanidad']",{'Transporte': 0.4375},"{7: 0.75, 8: 1.0}"
33,https://www.huelvainformacion.es/provincia/Aumenta-Rio-Tinto-precipitaciones-Huelva-video_0_1888911611.html,['Transporte'],{'Transporte': 0.25},{8: 1.0}
34,https://www.elmundo.es/andalucia/2023/10/30/653ffa4dfdddffdd5f8b45c1.html,"['Transporte', 'Sanidad']","{'Transporte': 0.5, 'Sanidad': 0.08333333333333333}","{7: 1.0, 8: 1.0, 10: 0.0, 11: 0.25}"
35,https://www.diariodehuelva.es/articulo/area-metropolitana/aemet-concluye-que/20231106203004310647.html,['Transporte'],{'Transporte': 0.6875},"{5: 1.0, 6: 1.0, 8: 0.75}"
36,https://www.antena3.com/noticias/el-tiempo/actualidad/ultima-hora-dana-directo-varias-comunidades-alerta-fuertes-lluvias_20230526647050b2910a1b0001dfd51a.html,"['Transporte', 'Agua y Alimentos']","{'Transporte': 0.25, 'Agua y Alimentos': 0.6666666666666666}","{8: 1.0, 14: 1.0, 16: 1.0}"
37,https://www.laopiniondemurcia.es/comunidad/2023/09/25/gobierno-declara-region-murcia-zona-92532090.html,"['Energia', 'Transporte']","{'Energia': 0.23809523809523808, 'Transporte': 0.4375}","{0: 0.5, 7: 0.75, 8: 1.0}"
38,https://cadenaser.com/castillalamancha/2023/09/25/declarada-la-zona-catastrofica-para-diversos-municipios-de-castilla-la-mancha-la-mayoria-en-la-provincia-de-toledo-ser-toledo/,['Transporte'],{'Transporte': 0.4375},"{7: 0.75, 8: 1.0}"
39,https://www.interior.gob.es/opencms/es/detalle/articulo/El-Gobierno-declara-zona-catastrofica-y-aprueba-ayudas-para-los-afectados-por-las-DANA-de-septiembre/,"['Energia', 'Transporte']","{'Energia': 0.5952380952380952, 'Transporte': 0.4375}","{0: 0.75, 1: 1.0, 7: 0.75, 8: 1.0}"
40,https://www.antena3.com/noticias/el-tiempo/actualidad/paso-borrasca-juliette-directo-frio-artico-nieve-varias-comunidades-riesgo_2023022863fdb09faf4bff00016eb340.html,"['Energia', 'Transporte']","{'Energia': 0.47619047619047616, 'Transporte': 0.5}","{0: 1.0, 6: 1.0, 8: 1.0}"
41,https://www.elnacional.cat/es/sociedad/borrasca-juliette-provoca-caos-mallorca-nieve-inundaciones-cortes-luz_979098_102.html,"['Energia', 'Transporte']","{'Energia': 0.5357142857142857, 'Transporte': 0.75}","{0: 0.75, 1: 0.75, 5: 1.0, 6: 1.0, 8: 1.0}"
42,https://www.europapress.es/illes-balears/noticia-febrero-fue-mes-frio-baleares-temperatura-media-98c-226-mas-lluvia-juliette-20230306171903.html,"['Energia', 'Transporte']","{'Energia': 0.7142857142857143, 'Transporte': 0.5625}","{0: 1.0, 1: 1.0, 5: 0.25, 6: 1.0, 8: 1.0}"
43,https://www.ultimahora.es/noticias/local/2023/08/27/2001873/tiempo-mallorca-temporal-sacude-isla.html,"['Transporte', 'Sanidad']","{'Transporte': 0.75, 'Sanidad': 0.16666666666666666}","{5: 1.0, 6: 1.0, 8: 1.0, 11: 0.5}"
44,https://www.ultimahora.es/noticias/local/2023/08/27/2001925/caos-aeropuestos-decenas-vuelos-anulados-retrasados.html,"['Energia', 'Transporte']","{'Energia': 0.35714285714285715, 'Transporte': 0.25}","{0: 0.5, 1: 0.5, 5: 1.0, 7: 0.0}"
45,https://www.elnacional.cat/es/sociedad/temporal-causa-estragos-mallorca-videos_1083465_102.html,"['Energia', 'Transporte']","{'Energia': 0.4166666666666667, 'Transporte': 0.6875}","{0: 0.5, 1: 0.75, 6: 1.0, 7: 0.75, 8: 1.0}"
46,https://www.periodicodeibiza.es/pitiusas/ibiza/2023/08/27/2001613/tiempo-ibiza-formentera-borrasca-betty.html,"['Energia', 'Transporte', 'Aguas Residuales']","{'Energia': 0.5952380952380952, 'Transporte': 0.25, 'Aguas Residuales': 1.0}","{0: 0.75, 1: 1.0, 8: 1.0, 17: 1.0, 18: 1.0, 19: 1.0}"
47,https://www.publico.es/sociedad/buque-750-pasajeros-salio-valencia-colisiona-muelle-ibiza-causa-borrasca-betty.html,['Transporte'],{'Transporte': 0.75},"{5: 1.0, 6: 1.0, 8: 1.0}"
48,https://www.ultimahora.es/sucesos/ultimas/2023/08/28/2002135/tiempo-mallorca-borrasca-betty-provoca-429-incidencias.html,['Transporte'],{'Transporte': 0.4375},"{7: 0.75, 8: 1.0}"
49,https://www.ultimahora.es/noticias/local/2023/08/27/2001615/tiempo-mallorca-impresionante-tormenta-fuertes-rachas-viento-sur.html,"['Energia', 'Transporte']","{'Energia': 0.5357142857142857, 'Transporte': 0.375}","{0: 0.75, 1: 0.75, 5: 0.75, 8: 0.75}"
50,https://www.elmundo.es/baleares/2023/08/28/64ec35ad21efa0d1338b4576.html,['Transporte'],{'Transporte': 0.9375},"{5: 1.0, 6: 1.0, 7: 0.75, 8: 1.0}"
51,https://www.lavanguardia.com/local/sevilla/20230915/9230239/inundaciones-rios-desbordados-carreteras-cortadas-andalucia-central-tormentas.html,"['Transporte', 'Agua y Alimentos']","{'Transporte': 0.25, 'Agua y Alimentos': 0.5833333333333334}","{8: 1.0, 14: 0.75, 15: 1.0}"
52,https://www.canalsur.es/noticias/andalucia/rios-de-agua-por-las-calles-de-sierra-de-yeguas-alcala-la-real-o-constantina/1964172.html,"['Transporte', 'Agua y Alimentos']","{'Transporte': 0.5, 'Agua y Alimentos': 1.0}","{7: 1.0, 8: 1.0, 14: 1.0, 15: 1.0, 16: 1.0}"
53,https://lacontradejaen.eldiario.es/otra-semana-con-avisos-por-lluvias-jaen/,['Agua y Alimentos'],{'Agua y Alimentos': 0.4166666666666667},"{14: 0.75, 16: 0.5}"
54,https://www.canalsur.es/noticias/andalucia/tormentas-y-desbordamientos-de-rios-en-jaen-donde-alcala-la-real-es-la-poblacion-mas-afectada/1963993.html,['Transporte'],{'Transporte': 0.1875},{8: 0.75}
55,https://www.canalsur.es/noticias/andalucia/jaen/el-granizo-causa-danos-en-los-olivares-de-la-sierra-sur-jiennense/1964267.html,['Agua y Alimentos'],{'Agua y Alimentos': 0.6666666666666666},"{14: 1.0, 16: 1.0}"
56,https://www.canalsur.es/noticias/andalucia/jaen/quince-minutos-de-caos-por-una-fuerte-granizada-en-pozo-alcon/1965560.html,['Agua y Alimentos'],{'Agua y Alimentos': 0.6666666666666666},"{14: 1.0, 16: 1.0}"
57,https://www.canarias7.es/canarias/balsa-agua-obliga-cerrar-acceso-subterraneo-perez-20231212205426-nt.html,['Transporte'],{'Transporte': 0.125},{8: 0.5}
58,https://www.eluniverso.com/noticias/ecuador/unas-60-comunidades-rurales-y-12-barrios-de-muisne-en-emergencia-por-desbordamientos-de-rios-nota/,"['Energia', 'Transporte', 'Sanidad', 'Agua y Alimentos', 'Aguas Residuales']","{'Energia': 0.5357142857142857, 'Transporte': 0.25, 'Sanidad': 0.25, 'Agua y Alimentos': 1.0, 'Aguas Residuales': 1.0}","{0: 0.75, 1: 0.75, 8: 1.0, 10: 0.75, 14: 1.0, 15: 1.0, 16: 1.0, 17: 1.0, 18: 1.0, 19: 1.0}"
59,https://esmeraldasnews.com/muisne/decenas-de-familias-afectadas-por-desbordamiento-de-rios-en-muisne/,"['Energia', 'Transporte', 'Agua y Alimentos']","{'Energia': 0.47619047619047616, 'Transporte': 0.25, 'Agua y Alimentos': 0.6666666666666666}","{0: 0.5, 1: 1.0, 8: 1.0, 14: 1.0, 16: 1.0}"
60,https://www.infobae.com/espana/2023/06/30/inundaciones-arboles-caidos-y-coches-arrastrados-por-la-corriente-en-cataluna/,['Transporte'],{'Transporte': 0.25},{8: 1.0}
61,https://elpais.com/espana/catalunya/2023-07-01/cataluna-empieza-a-ver-el-final-del-tunel-de-la-gran-sequia-tras-las-lluvias-de-junio.html,['Agua y Alimentos'],{'Agua y Alimentos': 0.5},"{14: 0.75, 16: 0.75}"
62,https://www.elnacional.cat/es/sociedad/tormenta-electrica-espectacular-catalunya-video_1053531_102.html,['Transporte'],{'Transporte': 0.3125},"{7: 0.5, 8: 0.75}"
63,https://www.segre.com/es/sociedad/230802/dos-comarcas-lleida-cuadruplicaron-julio-promedio-historico-lluvias_182819.html,['Energia'],{'Energia': 0.23809523809523808},"{0: 0.25, 1: 0.5}"
64,https://enfoques.gal/lugo/las-inundaciones-afectan-a-una-docena-de-casas-en-begonte/,"['Energia', 'Transporte']",{'Transporte': 0.1875},{8: 0.75}
65,https://salamancartvaldia.es/noticia/2023-01-17-galicia-se-acerca-al-millar-de-incidencias-por-el-temporal-accidentes-inundaciones-y-problemas-en-carreteras-313589,['Transporte'],{'Transporte': 0.5},"{5: 1.0, 8: 1.0}"
66,https://metropolitano.gal/enfoque/galicia-acumula-mas-de-600-incidencias-por-el-temporal-inundaciones-de-vias-y-accidentes-por-arboles/,"['Energia', 'Transporte']","{'Energia': 0.11904761904761904, 'Transporte': 0.3125}","{0: 0.25, 7: 0.25, 8: 1.0}"
67,https://www.galiciapress.es/articulo/sociedad/2023-01-17/4142586-caida-arboles-rotulos-principales-incidencias-coruna,['Transporte'],{'Transporte': 0.25},{8: 1.0}
68,https://www.antena3.com/noticias/el-tiempo/actualidad/alerta-galicia-posible-desbordamiento-18-rios_2023011863c83371d3521e0001c08970.html,['Transporte'],{'Transporte': 0.25},{8: 1.0}
69,https://www.economiadigital.es/galicia/politica/balance-del-temporal-inundaciones-caida-de-arboles-y-mas-de-600-incidencias-en-galicia.html,"['Energia', 'Transporte']","{'Energia': 0.0, 'Transporte': 0.5625}","{0: 0.0, 5: 0.75, 7: 0.5, 8: 1.0}"
70,https://www.elespanol.com/ciencia/meteorologia/20230118/llega-temporal-borrasca-fien-aemet-grandes-nevadas/734426653_0.html,['Transporte'],{'Transporte': 0.25},{8: 1.0}
71,https://www.elprogreso.es/articulo/comarcas/temporal-empeora-inundaciones-llega-mas-nieve-frio-polar/202301171024051632368.html,"['Energia', 'Transporte']","{'Energia': 0.23809523809523808, 'Transporte': 0.5625}","{0: 0.5, 5: 1.0, 7: 0.25, 8: 1.0}"
72,https://www.galiciapress.es/articulo/sociedad/2024-03-08/4750261-coches-atrapados-carreteras-cortadas-nieve-varios-puntos-galicia-sobre-todo-ourense,['Transporte'],{'Transporte': 0.25},{8: 1.0}
73,https://www.cope.es/emisoras/galicia/lugo-provincia/lugo/lugo-provincia/noticias/temporal-deja-reguero-incidencias-provincia-lugo-con-n-vi-cortada-begonte-20230117_2499095,['Transporte'],{'Transporte': 0.3125},"{7: 0.25, 8: 1.0}"
74,https://www.antena3.com/noticias/el-tiempo/actualidad/deshielo-crecida-rios-principales-consecuencias-remision-nevadas-toda-espana_2023012063ca4be9f0501d0001389b4f.html,['Transporte'],{'Transporte': 0.25},{8: 1.0}
75,https://www.elprogreso.es/articulo/lugo/tormentas-vuelven-poner-lugo-alerta/202306120937101672943.html,['Agua y Alimentos'],{'Agua y Alimentos': 1.0},"{14: 1.0, 15: 1.0, 16: 1.0}"
76,https://concellodelugo.gal/es/noticias/dispositivo-especial-del-ayuntamiento-ante-la-tormenta-de-granizo-y-lluvia,['Transporte'],{'Transporte': 0.25},{8: 1.0}
77,https://www.elnueve.com/urgente-volvio-a-caer-granizo-en-rivadavia-y-santa-rosa,['Agua y Alimentos'],{'Agua y Alimentos': 0.6666666666666666},"{14: 1.0, 16: 1.0}"
78,https://www.elconfidencial.com/espana/2023-10-29/aemet-borrasca-celine-lluvias-vientos_3763736/,['Transporte'],{'Transporte': 0.5625},"{6: 0.75, 7: 0.5, 8: 1.0}"
79,https://www.elprogreso.es/articulo/comarcas/lugo-suma-mas-borrasca-domingos/202311051125151705449.html,"['Energia', 'Transporte']","{'Energia': 0.5952380952380952, 'Transporte': 0.4375}","{0: 0.75, 1: 1.0, 5: 0.75, 8: 1.0}"
80,https://elpais.com/internacional/2023-06-05/las-inundaciones-en-haiti-dejan-al-menos-42-muertos.html,['Agua y Alimentos'],{'Agua y Alimentos': 0.6666666666666666},"{14: 1.0, 16: 1.0}"
81,https://www.14ymedio.com/cuba/fallecidos-inundaciones-cuba-informacion-relegada_1_1092906.html,"['Transporte', 'Agua y Alimentos', 'Infraestructura digital']","{'Transporte': 0.4375, 'Agua y Alimentos': 1.0}","{7: 0.75, 8: 1.0, 14: 1.0, 15: 1.0, 16: 1.0}"
82,https://www.europapress.es/nacional/noticia-portadas-periodicos-jueves-junio-20230608003750.html,['Agua y Alimentos'],{'Agua y Alimentos': 1.0},"{14: 1.0, 15: 1.0, 16: 1.0}"
83,https://www.elespanol.com/madrid/sociedad/aemet-avisa-lluvias-madrid-horas-zonas-va-llover-domingo/805669445_0.html,"['Transporte', 'Sanidad']","{'Transporte': 0.25, 'Sanidad': 0.6666666666666666}","{8: 1.0, 10: 1.0, 11: 1.0}"
84,https://www.elmundo.es/madrid/2023/12/01/656995bce4d4d8ad3e8b4570.html,['Transporte'],{'Transporte': 0.4375},"{7: 0.75, 8: 1.0}"
85,https://zonaretiro.com/transporte/inundaciones-metro-madrid-bambu-1-diciembre-2023/,['Transporte'],{'Transporte': 0.1875},{7: 0.75}
86,https://www.telemadrid.es/programas/buenos-dias-madrid/Se-restablece-el-servicio-en-la-estacion-de-Bambu-de-la-Linea-10-de-Metro-0-2620237952--20231201082502.html,['Transporte'],{'Transporte': 0.1875},{7: 0.75}
87,https://www.telemadrid.es/noticias/madrid/Vecinos-de-Camarma-se-recuperan-tras-la-tromba-de-agua-y-las-inundaciones-0-2620237998--20231201040321.html,['Transporte'],{'Transporte': 0.125},{8: 0.5}
88,https://www.larazon.es/el-tiempo/dana-pone-riesgo-fuertes-lluvias-tormentas-varias-comunidades_20230920650a8ea798383a00012868bd.html,"['Transporte', 'Agua y Alimentos']","{'Transporte': 0.3125, 'Agua y Alimentos': 0.6666666666666666}","{6: 0.25, 8: 1.0, 14: 1.0, 16: 1.0}"
89,https://www.telemadrid.es/programas/buenos-dias-madrid/La-lluvia-provoca-inundaciones-en-Murcia-Navarra-y-Guipuzcoa-2-2562663719--20230523092414.html,['Transporte'],{'Transporte': 0.5},"{7: 1.0, 8: 1.0}"
90,https://www.elmundo.es/espana/2023/05/31/6476e741fdddffd7b28b4572.html,['Transporte'],{'Transporte': 0.25},{8: 1.0}
91,https://www.noticiasdenavarra.com/sociedad/2023/07/07/6-julio-pamplona-lluvia-acumulada-7019749.html,['Transporte'],{'Transporte': 0.1875},{8: 0.75}
92,https://www.navarratelevision.es/noticia/zed0738f9-a172-72ac-ca4e7862f878d1aa/202307/activado-el-nivel-2-de-emergencias-por-lluvia-en-caparroso,['Transporte'],{'Transporte': 0.1875},{8: 0.75}
93,https://elpais.com/espana/2023-07-07/una-inmensa-tromba-de-agua-deja-un-reguero-de-danos-materiales-en-la-rioja.html,"['Transporte', 'Agua y Alimentos']","{'Transporte': 0.4375, 'Agua y Alimentos': 0.5}","{7: 0.75, 8: 1.0, 14: 0.75, 16: 0.75}"
94,https://www.navarra.es/es/-/nota-prensa/sos-navarra-atendio-un-total-de-450-llamadas-durante-la-dana-el-pasado-fin-de-semana,['Transporte'],{'Transporte': 0.25},{8: 1.0}
95,https://www.noticiasdenavarra.com/sociedad/2023/09/17/val-aibar-registra-lluvias-torrenciales-7270361.html,"['Transporte', 'Agua y Alimentos']","{'Transporte': 0.1875, 'Agua y Alimentos': 0.5833333333333334}","{8: 0.75, 14: 1.0, 16: 0.75}"
96,https://www.diariodenavarra.es/noticias/navarra/2023/09/17/tormentas-acumulan-30-50-litros-dos-horas-zonas-centro-navarra-582736-300.html,['Transporte'],{'Transporte': 0.1875},{8: 0.75}
97,https://elpais.com/espana/2023-09-10/una-intensa-granizada-golpea-tres-municipios-de-navarra.html,"['Sanidad', 'Agua y Alimentos']",{'Agua y Alimentos': 0.6666666666666666},"{14: 1.0, 16: 1.0}"
98,https://www.laregion.es/articulo/ourense/infografia-inundaciones-riesgo-frecuente-ourense/202301221740401191870.html,['Energia'],{'Energia': 0.7142857142857143},"{0: 1.0, 1: 1.0}"
99,https://www.laregion.es/articulo/ourense/desborda-rio-mino-zona-termal-tinteiro-fuertes-lluvias/202301171122171190555.html,['Transporte'],{'Transporte': 0.25},{8: 1.0}
100,https://www.galiciapress.es/articulo/sociedad/2023-01-19/4145123-hay-cortes-a8-alertas-lluvias-casi-toda-galicia-riesgo-inundaciones-pero-temporal-remite,['Transporte'],{'Transporte': 0.4375},"{7: 0.75, 8: 1.0}"
101,https://www.laregion.es/articulo/ourense/tormenta-recupera-colapso-ourense/202306122133091226650.html,"['Transporte', 'Agua y Alimentos', 'Aguas Residuales']","{'Transporte': 0.25, 'Agua y Alimentos': 0.6666666666666666, 'Aguas Residuales': 1.0}","{8: 1.0, 14: 1.0, 16: 1.0, 17: 1.0, 18: 1.0, 19: 1.0}"
102,https://www.laregion.es/articulo/ourense/temporal-vuelve-inundar-ourense/202306121802281226539.html,"['Transporte', 'Aguas Residuales']","{'Transporte': 0.25, 'Aguas Residuales': 0.7058823529411765}","{8: 1.0, 18: 1.0, 19: 1.0}"
103,https://www.lavozdegalicia.es/noticia/ourense/ourense/2023/11/04/mino-desborda-ourense-deja-bajo-aguas-zonas-termales-chavasqueira-tinteuro/00031699109675114319332.htm,"['Energia', 'Transporte']","{'Energia': 0.47619047619047616, 'Transporte': 0.25}","{0: 0.5, 1: 1.0, 8: 1.0}"
104,https://www.lavozdegalicia.es/noticia/galicia/2023/11/04/borrasca-domingos-sacude-galicia-vientos-120-kilometros-hora-lluvias-intensas/00031699082010531561352.htm,['Transporte'],{'Transporte': 1.0},"{5: 1.0, 6: 1.0, 7: 1.0, 8: 1.0}"
105,https://www.diariodevalderrueda.es/texto-diario/mostrar/4328812/graves-inundaciones-cervera-pisuerga-tormentas,['Transporte'],{'Transporte': 0.1875},{8: 0.75}
106,https://www.farodevigo.es/pontevedra/2023/10/27/temporal-provoca-desbordamiento-rios-inundaciones-93851241.html,"['Transporte', 'Infraestructura digital']","{'Transporte': 0.25, 'Infraestructura digital': 0.045454545454545456}","{8: 1.0, 21: 0.25}"
107,https://www.pontevedraviva.com/xeral/99196/borrasca-celine-deja-multiples-incidencias/?lang=es,"['Transporte', 'Aguas Residuales']","{'Transporte': 0.25, 'Aguas Residuales': 1.0}","{8: 1.0, 17: 1.0, 18: 1.0, 19: 1.0}"
108,https://www.lavozdegalicia.es/noticia/pontevedra/pontevedra/2023/10/28/supermarea-lluvias-anegan-combarro-cortan-autovia-marin-llevan-lerez-limite-capacidad-pontevedra/00031698503266897896106.htm,"['Transporte', 'Aguas Residuales']","{'Transporte': 0.25, 'Aguas Residuales': 1.0}","{8: 1.0, 17: 1.0, 18: 1.0, 19: 1.0}"
109,https://www.elcorreogallego.es/galicia/2023/10/28/galicia-borrasca-borrasca-ahora-golpea-93930107.html,['Transporte'],{'Transporte': 0.875},"{5: 0.75, 6: 1.0, 7: 0.75, 8: 1.0}"
110,https://www.cope.es/emisoras/galicia/noticias/temporal-galicia-inundaciones-fene-neda-arbol-grandes-dimensiones-cae-santiago-20231114_2999287,['Transporte'],{'Transporte': 0.25},{8: 1.0}
111,https://www.lavozdegalicia.es/noticia/pontevedra/pontecaldelas/2023/11/04/desbordamiento-verdugo-sume-caos-ponte-caldelas-solo-ganas-llorar/00031699105866692514702.htm,['Agua y Alimentos'],{'Agua y Alimentos': 0.3333333333333333},{16: 1.0}
112,https://www.farodevigo.es/sociedad/2023/10/28/galicia-borrasca-borrasca-tiro-toca-93919007.html,['Transporte'],{'Transporte': 0.75},"{5: 1.0, 6: 1.0, 8: 1.0}"
113,https://pontevedraviva.com/xeral/99223/pontevedra-acumula-15-dias-seguidos-lluvia-pronostico-apunta-seran-mas/?lang=es,['Transporte'],{'Transporte': 0.375},"{6: 0.75, 8: 0.75}"
114,https://www.diariodepontevedra.es/articulo/pontevedra/pontevedra-encadena-30-dias-seguidos-lluvia-otono-mas-humedo-anos/202311140902031279091.html,['Agua y Alimentos'],{'Agua y Alimentos': 0.3333333333333333},{16: 1.0}
115,https://www.atlanticohoy.com/tenerife/naviera-armas-desvia-sus-ferris-sc-tenerife-por-oleaje-en-puerto-cristianos_1520335_102.html,['Transporte'],{'Transporte': 0.1875},{6: 0.75}
116,https://www.eladelantado.com/provincia-de-segovia/danos-al-desbordarse-el-rio-aguisejo-por-una-tormenta/,['Transporte'],{'Transporte': 0.25},{8: 1.0}
117,https://www.elespanol.com/castilla-y-leon/region/20230904/consecuencias-dana-castilla-leon-llamadas-litros-pueblo-inundaciones-techos-colapsados/791920830_0.html,['Energia'],{'Energia': 0.23809523809523808},{0: 0.5}
118,https://www.rtve.es/noticias/20230904/mapa-precipitaciones-dejado-dana-tres-dias-por-toda-espana/2455151.shtml,['Transporte'],{'Transporte': 0.5},"{7: 1.0, 8: 1.0}"
119,https://www.elmundo.es/espana/2023/09/04/64f57ae3fb7e8000298e056f-directo.html,"['Transporte', 'Sanidad', 'Agua y Alimentos']","{'Transporte': 0.5, 'Sanidad': 0.3333333333333333, 'Agua y Alimentos': 0.3333333333333333}","{7: 1.0, 8: 1.0, 11: 1.0, 15: 1.0}"
120,https://www.eldiasegovia.es/noticia/zc87f435e-de1f-c91d-a7bb466fa3eadf53/202309/la-junta-decreta-el-fin-de-la-alerta-por-lluvias-y-tormentas,['Energia'],{'Energia': 0.23809523809523808},{0: 0.5}
121,https://www.telesurtv.net/news/espana-continuara-lluvias-inundaciones-dana-20230904-0001.html,['Transporte'],{'Transporte': 0.4375},"{7: 0.75, 8: 1.0}"
122,https://www.elconfidencial.com/espana/2023-09-04/ranking-lluvias-espana-aemet-localidad-mas-agua-cayo_3728621/,['Transporte'],{'Transporte': 0.5},"{7: 1.0, 8: 1.0}"
123,https://www.eldiadevalladolid.com/noticia/zb94a4049-f705-947e-85816ee54cc672e9/202309/valladolid-registra-101-avisos-a-emergencias-por-las-lluvias,['Energia'],{'Energia': 0.11904761904761904},{0: 0.25}
124,https://www.elconfidencial.com/espana/2023-09-04/tiempo-espana-hoy-dana-aemet-directo_3728442/,"['Transporte', 'Sanidad']","{'Transporte': 0.5, 'Sanidad': 0.5}","{7: 1.0, 8: 1.0, 10: 0.75, 11: 0.75}"
125,https://www.eladelantado.com/provincia-de-segovia/la-dana-el-espinar-catastrofe/,['Transporte'],{'Transporte': 0.25},{8: 1.0}
126,https://www.wsws.org/es/articles/2023/09/11/inun-s11.html,"['Transporte', 'Sanidad']","{'Transporte': 0.75, 'Sanidad': 0.5833333333333334}","{5: 1.0, 7: 1.0, 8: 1.0, 10: 1.0, 11: 0.75}"
127,https://www.20minutos.es/noticia/5169241/0/llega-dana-historica-espana-directo-ultimas-noticias-lluvias-tormentas/,['Transporte'],{'Transporte': 0.25},{8: 1.0}
128,https://www.antena3.com/noticias/sociedad/borrasca-aline-deja-noche-intensas-lluvias-destrozos-madrid-sevilla_2023102065322b8f32dc7500019ca32c.html,['Transporte'],{'Transporte': 0.5},"{5: 1.0, 8: 1.0}"
129,https://boyaca7dias.com.co/2023/10/24/sigue-la-alerta-tras-aguacero-torrencial-que-ocasiono-inundaciones-en-diferentes-sectores-de-duitama/,"['Transporte', 'Sanidad', 'Aguas Residuales']","{'Transporte': 0.1875, 'Sanidad': 0.6666666666666666, 'Aguas Residuales': 0.8529411764705882}","{8: 0.75, 10: 1.0, 11: 1.0, 17: 1.0, 18: 1.0, 19: 0.75}"
130,https://elpais.com/espana/2023-10-22/la-borrasca-bernard-interrumpe-el-trafico-maritimo-en-el-estrecho-corta-la-autovia-de-cadiz-y-causa-danos-en-toda-andalucia.html,['Transporte'],{'Transporte': 0.5},"{6: 1.0, 8: 1.0}"
131,https://www.diariodesevilla.es/sevilla/arboles-procesiones-caidas-Sevilla-borrasca-Bernard_0_1841216785.html,['Transporte'],{'Transporte': 0.5},"{7: 1.0, 8: 1.0}"
132,https://fuentesdeandalucia.org/el-ayuntamiento-solicita-que-el-municipio-sea-declarado-zona-catastrofica-ante-los-destrozos-causados-por-la-borrasca-bernard/,['Infraestructura digital'],{'Infraestructura digital': 0.6136363636363636},"{21: 1.0, 22: 0.25, 23: 1.0, 24: 1.0}"
133,https://elpais.com/espana/2023-10-23/un-muerto-en-huelva-por-el-paso-de-la-borrasca-bernard.html,"['Transporte', 'Sanidad']","{'Transporte': 0.4375, 'Sanidad': 0.16666666666666666}","{7: 0.75, 8: 1.0, 11: 0.5}"
134,https://cadenaser.com/andalucia/2023/10/23/mas-de-500-incidencias-en-sevilla-por-la-borrasca-bernard-radio-sevilla/,['Transporte'],{'Transporte': 0.5},"{7: 1.0, 8: 1.0}"
135,https://www.telecinco.es/noticias/sociedad/20231022/borrasca-bernard-afecta-cadiz-sevilla-huelva-caos-trenes-arboles_18_010774629.html,['Transporte'],{'Transporte': 0.5},"{7: 1.0, 8: 1.0}"
136,https://www.antena3.com/noticias/el-tiempo/actualidad/borrasca-bernard-directo-ultima-hora-lluvias-viento-oleaje-hoy_202310236536302832dc750001b59441.html,"['Transporte', 'Sanidad']","{'Transporte': 0.4375, 'Sanidad': 0.16666666666666666}","{7: 0.75, 8: 1.0, 11: 0.5}"
137,https://www.aemet.es/en/conocermas/borrascas/2023-2024/estudios_e_impactos/bernard,['Transporte'],{'Transporte': 0.6875},"{5: 0.75, 6: 1.0, 8: 1.0}"
138,https://cronicaglobal.elespanol.com/vida/20230915/las-intensas-empiezan-en-cataluna-carreteras-tarragona/794670711_0.html,['Transporte'],{'Transporte': 0.25},{8: 1.0}
139,https://www.diaridetarragona.com/ebre/las-fuertes-lluvias-llegan-a-tarragona-y-cortan-la-n-340-en-amposta-BN16937879,['Transporte'],{'Transporte': 0.25},{8: 1.0}
140,https://cronicaglobal.elespanol.com/vida/20230916/las-en-cataluna-de-sant-pere-ribes/794920662_0.html,['Transporte'],{'Transporte': 0.1875},{8: 0.75}
141,https://www.rtve.es/noticias/20230915/intensas-lluvias-alerta-espana-tormentas/2456035.shtml,['Transporte'],{'Transporte': 0.25},{8: 1.0}
142,https://www.lavanguardia.com/local/tarragona/20230919/9236976/masdenverge-reclama-rebajar-cauce-galera-atenuar-danos-aguaceros.html,['Transporte'],{'Transporte': 0.25},{8: 1.0}
143,https://www.diaridetarragona.com/costa/graves-inundaciones-en-torredembarra-tras-caer-mas-de-100-litros-por-metro-cuadrado-FG16986883,['Transporte'],{'Transporte': 0.375},"{7: 0.5, 8: 1.0}"
144,https://elpais.com/espana/2023-07-07/los-estragos-de-la-tormenta-de-zaragoza-cientos-de-vecinos-sin-luz-carreteras-cortadas-y-colegios-destrozados.html,"['Energia', 'Transporte']","{'Energia': 0.5357142857142857, 'Transporte': 0.25}","{0: 0.75, 1: 0.75, 8: 1.0}"
145,https://cadenaser.com/aragon/2023/07/06/graves-danos-en-el-bajo-aragon-por-las-tormentas-radio-zaragoza/,"['Energia', 'Transporte']","{'Energia': 0.47619047619047616, 'Transporte': 0.5}","{0: 0.5, 1: 1.0, 7: 1.0, 8: 1.0}"
146,https://www.elmundo.es/espana/2023/07/08/64a93a97e4d4d8d7478b4571.html,"['Transporte', 'Sanidad']","{'Transporte': 0.25, 'Sanidad': 0.3333333333333333}","{8: 1.0, 10: 0.75, 11: 0.25}"
147,https://www.cmmedia.es/noticias/castilla-la-mancha/fuertes-tormentas-dejan-trombas-agua-e-inundaciones-pueblos-castilla-mancha.html,"['Transporte', 'Agua y Alimentos']","{'Transporte': 0.25, 'Agua y Alimentos': 0.5833333333333334}","{8: 1.0, 14: 1.0, 16: 0.75}"
148,https://www.castillalamancha.es/actualidad/notasdeprensa/el-gobierno-regional-valora-la-r%C3%A1pida-respuesta-la-solicitud-de-ayudas-para-municipios-afectados-por,['Transporte'],{'Transporte': 0.25},{8: 1.0}
149,https://www.encastillalamancha.es/castilla-la-mancha-cat/toledo/video-la-lluvia-deja-mas-inundaciones-en-toledo-azucaica-el-barrio-mas-castigado/,['Aguas Residuales'],{'Aguas Residuales': 1.0},"{17: 1.0, 18: 1.0, 19: 1.0}"
150,https://cadenaser.com/castillalamancha/2023/10/23/la-borrasca-bernard-deja-calles-inundadas-en-varios-barrios-de-toledo-los-vecinos-de-azucaica-piden-soluciones-ser-toledo/,['Aguas Residuales'],{'Aguas Residuales': 1.0},"{17: 1.0, 18: 1.0, 19: 1.0}"
151,https://www.encastillalamancha.es/castilla-la-mancha-cat/toledo/toledo-miedo-desesperacion-vecinos-azucaica-inundaciones-estamos-hartos/,['Aguas Residuales'],{'Aguas Residuales': 1.0},"{17: 1.0, 18: 1.0, 19: 1.0}"
152,https://ahoraclm.com/la-dana-de-septiembre-provoco-en-toledo-danos-por-valor-de-47-millones-de-euros,['Transporte'],{'Transporte': 0.25},{8: 1.0}
153,https://www.latribunadetoledo.es/noticia/z7621e165-f1d0-ff29-8170ae805b830d8e/202312/el-desbordamiento-de-3-arroyos-inunda-fincas-en-n-502-y-cm4101,"['Transporte', 'Agua y Alimentos']","{'Transporte': 0.25, 'Agua y Alimentos': 0.6666666666666666}","{8: 1.0, 14: 1.0, 16: 1.0}"
154,https://www.antena3.com/noticias/el-tiempo/actualidad/dana-continua-azotando-espana-deja-paisaje-catastrofico-valencia_20230527647232016cbd630001c945b3.html,['Transporte'],{'Transporte': 0.25},{8: 1.0}
155,https://primicia.com.ve/nacion/varias-familias-afectadas-por-desbordamiento-de-cano-en-valencia-video/,"['Energia', 'Transporte']","{'Energia': 0.11904761904761904, 'Transporte': 0.25}","{0: 0.25, 8: 1.0}"
156,https://www.larazon.es/sociedad/inundaciones-rescates-debido-precipitaciones-torrenciales_2023052664710c6eea31940001bda3a0.html,"['Transporte', 'Agua y Alimentos']","{'Transporte': 0.25, 'Agua y Alimentos': 0.6666666666666666}","{8: 1.0, 14: 1.0, 16: 1.0}"
157,https://www.elconfidencial.com/espana/2023-05-26/dana-lluvias-comunidades-alerta_3637260/,['Transporte'],{'Transporte': 0.25},{8: 1.0}
158,https://www.publico.es/sociedad/dana-causa-inundaciones-pais-valencia-y-pamplona.html,['Transporte'],{'Transporte': 0.4375},"{7: 0.75, 8: 1.0}"
159,https://www.antena3.com/noticias/sociedad/ultima-hora-temporal-dana-alerta-roja-madrid-inundaciones-valencia-confinamiento-tarragona_2023090364f45fc5714dff0001d13beb.html,"['Transporte', 'Sanidad']","{'Transporte': 0.75, 'Sanidad': 0.75}","{5: 1.0, 7: 1.0, 8: 1.0, 10: 1.0, 11: 0.75, 13: 1.0}"
160,https://www.20minutos.es/noticia/5172858/0/buscan-persona-arrastrada-agua-bicicleta-barranco/,['Transporte'],{'Transporte': 0.25},"{7: 0.5, 8: 0.5}"
161,https://www.levante-emv.com/comunitat-valenciana/requena-utiel/2023/09/17/tormenta-barre-comarca-requena-utiel-92207029.html,['Agua y Alimentos'],{'Agua y Alimentos': 0.6666666666666666},"{14: 1.0, 16: 1.0}"
162,https://www.20minutos.es/noticia/5174176/0/granizadas-tormentas-electricas-trombas-agua-inundaciones-los-efectos-dana-comunidad-valenciana/,['Transporte'],{'Transporte': 0.375},"{7: 0.5, 8: 1.0}"
163,https://www.rtve.es/noticias/20230917/intensas-lluvias-provocan-incidencias-castellon-valencia-alerta-naranja/2456177.shtml,['Transporte'],{'Transporte': 0.1875},{7: 0.75}
164,https://www.lasprovincias.es/comunitat/lluvia-afecta-comunitat-primera-hora-ceba-aeropuerto-20230915092823-nt.html,['Transporte'],{'Transporte': 0.5},"{5: 1.0, 8: 1.0}"
165,https://elpais.com/espana/2023-09-17/la-alerta-naranja-deja-fuertes-tormentas-en-castellon-valencia-y-huesca.html,['Transporte'],{'Transporte': 0.0},{7: 0.0}
166,https://www.elmundo.es/espana/2023/09/20/650a8a5c21efa0aa138b45b5.html,"['Transporte', 'Agua y Alimentos']","{'Transporte': 0.1875, 'Agua y Alimentos': 0.6666666666666666}","{8: 0.75, 14: 1.0, 16: 1.0}"
167,https://www.levante-emv.com/comunitat-valenciana/2023/08/27/ultimo-semana-agosto-deja-truenos-91380597.html,['Transporte'],{'Transporte': 0.0625},{7: 0.25}
168,https://valenciaplaza.com/leliana-estudia-solicitar-declaracion-zona-catastrofica-tras-tormenta,"['Energia', 'Infraestructura digital']","{'Energia': 0.5952380952380952, 'Infraestructura digital': 0.4090909090909091}","{0: 0.75, 1: 1.0, 20: 1.0, 21: 0.75, 24: 1.0}"
169,https://efe.com/espana/2023-08-28/diez-comunidades-alerta-viento-lluvia-tormentas/,"['Transporte', 'Sanidad']",{'Transporte': 0.75},"{5: 1.0, 6: 1.0, 7: 0.0, 8: 1.0}"
170,https://efe.com/cultura/2023-08-27/suspendido-concierto-rauw-alejandro-palma/,['Transporte'],{'Transporte': 0.25},{5: 1.0}
171,https://www.heraldo.es/noticias/aragon/zaragoza/2023/09/19/diluvio-con-granizo-a-paladas-entre-carinena-paniza-y-encinacorba-en-plena-vendimia-1678906.html,['Agua y Alimentos'],{'Agua y Alimentos': 0.6666666666666666},"{14: 1.0, 16: 1.0}"
172,https://www.eltiempo.es/noticias/granizo-como-pelotas-de-tenis-y-tormentas-electricas-de-infarto,['Transporte'],{'Transporte': 0.0},{7: 0.0}
173,https://www.eluniversal.com.mx/estados/tula-donde-el-miedo-se-niega-a-irse/,['Aguas Residuales'],{'Aguas Residuales': 0.8823529411764706},"{17: 1.0, 19: 1.0}"
174,https://www.elperiodicodearagon.com/aragon/2023/09/19/tromba-agua-granizo-inunda-calles-paniza-92302456.html,['Transporte'],{'Transporte': 0.25},{8: 1.0}
175,https://www.aemet.es/en/conocermas/borrascas/2023-2024/estudios_e_impactos/aline,['Transporte'],{'Transporte': 0.75},"{6: 1.0, 7: 1.0, 8: 1.0}"
176,https://www.laopinioncoruna.es/coruna/2023/11/03/coruna-cumple-22-dias-lluvia-94146579.html,"['Energia', 'Transporte']","{'Energia': 0.23809523809523808, 'Transporte': 0.3125}","{0: 0.5, 5: 0.75, 8: 0.5}"
177,https://www.elidealgallego.com/articulo/a-coruna/temporal-obliga-cerrar-trafico-paseo-maritimo-4510241,['Transporte'],{'Transporte': 0.0},{8: 0.0}
178,https://as.com/actualidad/sociedad/vientos-de-150-kmh-trenes-cancelados-problemas-aereos-los-efectos-de-la-borrasca-ciaran-n/,"['Energia', 'Transporte', 'Sanidad']","{'Energia': 0.47619047619047616, 'Transporte': 0.5}","{0: 0.75, 1: 0.5, 5: 1.0, 7: 1.0}"
179,https://www.infobae.com/america/mundo/2023/11/08/panico-en-un-crucero-al-menos-100-heridos-en-medio-de-una-tempestad-en-el-atlantico-norte/,['Transporte'],{'Transporte': 0.1875},{6: 0.75}
180,https://diariodealicante.net/temporal-alicante-tormentas-anclan-elche/,['Transporte'],{'Transporte': 0.375},"{5: 0.75, 8: 0.75}"
181,https://www.diariodealmeria.es/provincia/primera-Almeria-nevada_0_1760224145.html,['Transporte'],{'Transporte': 0.25},{8: 1.0}
182,https://www.diariodealmeria.es/almeria/Almeria-alerta-viento-registrado-rachas_0_1844516192.html,['Transporte'],{'Transporte': 0.1875},{6: 0.75}
183,https://www.elcomercio.es/asturias/temporal-asturias-rios-inundaciones-pravia-plantaciones-kiwis-principado-desactiva-alerta-20230120203322-nt.html,['Agua y Alimentos'],{'Agua y Alimentos': 0.6666666666666666},"{14: 1.0, 16: 1.0}"
184,https://www.rtpa.es/noticias-asturias:Cortado-el-acceso-al-puente-de-Quinzanas-por-la-crecida-del-rio-Narcea_111674292732.html,['Transporte'],{'Transporte': 0.1875},{8: 0.75}
185,https://www.rtve.es/noticias/20230920/tiempo-dana-espana-tormentas-fuertes-precipitaciones/2456371.shtml,['Transporte'],{'Transporte': 0.5},"{6: 1.0, 8: 1.0}"
186,https://www.lne.es/asturias/2023/11/03/ciaran-asturias-alerta-roja-vientos-94159078.html,['Transporte'],{'Transporte': 0.6875},"{5: 0.75, 7: 1.0, 8: 1.0}"
187,https://www.tvavila.icrt.cu/lamenta-primer-ministro-perdida-humana-y-material-en-oriente-de-cuba/,['Energia'],{'Energia': 0.5357142857142857},"{0: 0.75, 1: 0.75}"
188,https://www.zacatecas.gob.mx/gobernador-david-monreal-cumple-a-genaro-codina-y-entrega-puente-y-colector-de-agua-danados-durante-contingencia/,"['Transporte', 'Aguas Residuales']","{'Transporte': 0.25, 'Aguas Residuales': 0.8529411764705882}","{8: 1.0, 17: 0.5, 18: 1.0, 19: 1.0}"
189,http://www.cubadebate.cu/noticias/2023/06/08/lluvias-intensas-provocan-inundaciones-en-localidades-del-centro-y-oriente-de-cuba/,"['Energia', 'Transporte']","{'Energia': 0.5952380952380952, 'Transporte': 0.25}","{0: 0.75, 1: 1.0, 8: 1.0}"
190,https://www.latribunadetoledo.es/noticia/z97e2a7ae-0aa2-ac8f-fdb3f60f8f61201b/202309/restablecido-el-servicio-del-ave-madrid-andalucia,['Transporte'],{'Transporte': 0.25},{7: 1.0}
191,https://www.hoy.es/extremadura/fuertes-lluvias-impiden-circular-varios-trenes-extremenos-20230903183217-nt.html,['Transporte'],{'Transporte': 0.25},{7: 1.0}
192,https://www.ondacero.es/noticias/sociedad/filomena-lluvias-ultima-hora-dana-cortes-carreteras-lluvias-torrenciales-madrid-toledo_2023090364f47f085df8e30001fbcbd9.html,['Transporte'],{'Transporte': 0.75},"{5: 1.0, 7: 1.0, 8: 1.0}"
193,https://efe.com/extremadura/2023-09-07/restablecida-la-circulacion-ferroviaria-madrid-caceres-tras-los-danos-de-la-dana/,['Transporte'],{'Transporte': 0.25},{7: 1.0}
194,http://www.canalextremadura.es/noticias/extremadura/la-dana-se-aleja-dejando-incidentes-en-extremadura-y-en-todo-el-pais,['Transporte'],{'Transporte': 0.5},"{7: 1.0, 8: 1.0}"
195,https://www.extremadura7dias.com/noticia/cortan-ex-310-badajoz-valverde-inundacion,['Transporte'],{'Transporte': 0.25},{8: 1.0}
196,http://www.canalextremadura.es/noticias/provincia-de-badajoz/cortada-la-ex-310-a-la-salida-de-badajoz-por-inundacion-de-la-calzada,['Transporte'],{'Transporte': 0.25},{8: 1.0}
197,http://www.canalextremadura.es/noticias/extremadura/la-borrasca-bernard-llena-de-agua-el-sur-de-la-provincia-de-badajoz,['Transporte'],{'Transporte': 0.25},{8: 1.0}
198,https://www.extremadura7dias.com/noticia/federacion-de-asociaciones-de-vecinos-de-badajoz-poblados-ayuntamiento,['Aguas Residuales'],{'Aguas Residuales': 1.0},"{17: 1.0, 18: 1.0, 19: 1.0}"
199,https://www.elperiodico.com/es/tiempo/20231105/tiempo-barcelona-cataluna-espana-borrasca-domingos-lluvia-viento-ultima-hora-directo-94107236,['Transporte'],{'Transporte': 0.9375},"{5: 0.75, 6: 1.0, 7: 1.0, 8: 1.0}"
200,https://es.e-noticies.cat/el-tiempo/los-danos-causados-borrasca-ciaran-impactantes-imagenes,"['Transporte', 'Sanidad']","{'Transporte': 0.25, 'Sanidad': 0.08333333333333333}","{8: 1.0, 11: 0.25}"
201,https://cronicavasca.elespanol.com/sociedad/20230117/el-gobierno-activa-de-alerta-inundaciones-bizkaia/734426562_0.html,['Transporte'],{'Transporte': 0.25},{8: 1.0}
202,https://www.bizkaia.eus/es/web/comunicacion/noticias/-/news/detailView/25142,['Transporte'],{'Transporte': 0.25},{8: 1.0}
203,https://www.eitb.eus/es/noticias/sociedad/detalle/9240731/tiempo-en-euskadi-intensas-precipitaciones-dejan-28-8-litrosm2-en-hora-en-laguardia-20-de-junio-de-2023/,['Sanidad'],{'Sanidad': 0.3333333333333333},{11: 1.0}
204,https://www.eitb.eus/es/noticias/sociedad/detalle/9308787/llega-calma-a-bizkaia-tras-tormenta-de-lluvia-y-granizo-del-sabado-a-tarde/,"['Energia', 'Transporte', 'Aguas Residuales']","{'Energia': 0.47619047619047616, 'Transporte': 0.4375, 'Aguas Residuales': 0.9705882352941176}","{0: 0.5, 1: 1.0, 7: 0.75, 8: 1.0, 17: 1.0, 18: 0.75, 19: 1.0}"
205,https://www.deia.eus/bizkaia/2023/09/16/balsas-agua-arboles-caidos-inundaciones-7268029.html,"['Transporte', 'Sanidad']",{'Transporte': 0.4375},"{7: 0.75, 8: 1.0}"
206,https://www.antena3.com/noticias/el-tiempo/actualidad/fuertes-lluvias-descargan-vizcaya-inundan-campo-futbol-legarda_2023091665060d8b98383a000120dde5.html,['Energia'],{'Energia': 0.0},{0: 0.0}
207,https://cadenaser.com/euskadi/2023/09/17/las-consecuencias-de-la-tormenta-en-bizkaia-arboles-caidos-cortes-de-trafico-y-calles-inundadas-radio-bilbao/,['Transporte'],{'Transporte': 0.4375},"{7: 0.75, 8: 1.0}"
208,https://www.eltiempo.es/noticias/temporal-en-vizcaya-asi-fue-la-tormenta-que-lo-inundo-todo,['Energia'],{'Energia': 0.11904761904761904},{0: 0.25}
209,https://www.eldiario.es/euskadi/inundaciones-talleres-viviendas-desbordamientos-rio-balsas-agua-tormenta-lunes-euskadi_1_10506313.html,['Aguas Residuales'],{'Aguas Residuales': 0.8823529411764706},"{17: 1.0, 19: 1.0}"
210,https://www.europapress.es/euskadi/noticia-fuertes-lluvias-granizo-causan-persona-herida-balsas-agua-algunas-inundaciones-bizkaia-gipuzkoa-20230912102808.html,"['Transporte', 'Aguas Residuales']","{'Transporte': 0.25, 'Aguas Residuales': 0.8970588235294118}","{8: 1.0, 17: 0.75, 18: 0.75, 19: 1.0}"
211,https://www.elperiodico.com/es/tiempo/20230912/granizo-lluvias-tormenta-bizcaia-gipuzkoa-vizcaya-guipuzcoa-dv-91989300,"['Transporte', 'Aguas Residuales']","{'Transporte': 0.25, 'Aguas Residuales': 0.9411764705882353}","{8: 1.0, 17: 1.0, 18: 0.5, 19: 1.0}"
212,https://www.elcorreo.com/bizkaia/inversiones-millonarias-contener-desbordamiento-red-saneamiento-bizkaia-20230924011835-nt.html,['Aguas Residuales'],{'Aguas Residuales': 0.7058823529411765},"{18: 1.0, 19: 1.0}"
213,https://www.lavanguardia.com/internacional/20231108/9363169/crucero-heridos-danos-sorprendido-temporal.html,"['Transporte', 'Sanidad']",{'Transporte': 0.25},{6: 1.0}
214,https://www.diariodeburgos.es/noticia/z1d060ff1-00c4-1622-6867881806c3c0af/202306/los-bomberos-cuadruplican-en-20-dias-las-salidas-por-la-lluvia,['Transporte'],{'Transporte': 0.25},{8: 1.0}
215,https://www.eleconomista.es/actualidad/noticias/d8275/10/23/Alerta-roja-por-lluvias-en-directo-ultimas-noticias-de-Madrid-Extremadura-cortes-de-trafico-Metro-estado-de-las-carreteras-incidencias-e-inundaciones-en-Espana.html,['Transporte'],{'Transporte': 0.25},{8: 1.0}
216,http://www.canalextremadura.es/noticias/extremadura/numerosas-incidencias-en-toda-la-region-por-la-fuerte-lluvia-y-el-viento-de,['Transporte'],{'Transporte': 0.25},{8: 1.0}
217,https://www.europapress.es/esandalucia/cadiz/noticia-finaliza-situacion-preemergencia-plan-emergencia-riesgo-inundaciones-provincia-cadiz-20230903184404.html,['Transporte'],{'Transporte': 0.1875},{8: 0.75}
218,https://www.eldiario.es/andalucia/cadiz/activado-aviso-rojo-lluvias-campina-gaditana-120-litros-12-horas_1_10484247.html,['Transporte'],{'Transporte': 0.25},{8: 1.0}
219,https://www.lavozdelsur.es/ediciones/provincia-cadiz/fin-aviso-rojo-en-cadiz-con-coches-atascados-agua-hasta-rodillas_301353_102.html,['Transporte'],{'Transporte': 0.25},{8: 1.0}
220,https://elpais.com/espana/2023-09-03/la-dana-mantiene-a-11-comunidades-bajo-aviso-por-fuertes-lluvias-y-tormentas.html,['Transporte'],{'Transporte': 0.875},"{5: 0.75, 6: 1.0, 7: 0.75, 8: 1.0}"
221,https://www.canalsur.es/noticias/andalucia/llega-la-dana-a-andalucia-mucha-lluvia-y-bajada-de-temperaturas/1960477.html,['Transporte'],{'Transporte': 0.5},"{7: 1.0, 8: 1.0}"
222,https://www.estadiodeportivo.com/estar-al-dia/sociedad/dana-lluvias-torrenciales-espana-directo-madrid-otras-zona-alerta-roja-20230903-427211.html,['Transporte'],{'Transporte': 0.5625},"{6: 0.25, 7: 1.0, 8: 1.0}"
223,https://www.europapress.es/esandalucia/cadiz/noticia-junta-eleva-cadiz-plan-emergencia-fase-preemergencia-riesgo-inundaciones-paso-dana-20230903145854.html,['Transporte'],{'Transporte': 0.25},{8: 1.0}
224,https://www.diariodecadiz.es/vivir_en_cadiz/Alerta-roja-Cadiz-inundaciones-Jose-Valle-video_0_1826517789.html,"['Transporte', 'Aguas Residuales']","{'Transporte': 0.25, 'Aguas Residuales': 1.0}","{8: 1.0, 17: 1.0, 18: 1.0, 19: 1.0}"
225,https://www.canalsur.es/noticias/andalucia/sevilla/la-dana-deja-importantes-lluvias-en-andalucia/1960620.html,"['Energia', 'Transporte']","{'Energia': 0.35714285714285715, 'Transporte': 0.5}","{0: 0.75, 7: 1.0, 8: 1.0}"
226,https://www.eltiempo.es/noticias/grecia-temporal-borrasca-septiembre-imagenes,['Transporte'],{'Transporte': 0.5},"{5: 1.0, 8: 1.0}"
227,https://www.rtve.es/noticias/20230903/efectos-dana-ultima-hora-directo-madrid-toledo/2455109.shtml,"['Transporte', 'Sanidad']","{'Transporte': 0.5625, 'Sanidad': 0.6666666666666666}","{5: 0.25, 6: 0.0, 7: 1.0, 8: 1.0, 10: 1.0, 11: 1.0}"
228,https://www.articulo66.com/2023/09/04/tres-muertos-tres-desaparecidos-lluvias-torrenciales-espana/,['Transporte'],{'Transporte': 0.5},"{7: 1.0, 8: 1.0}"
229,https://www.ecuavisa.com/mundo/espana-fuertes-lluvias-muertos-desaparecidos-FX5909430,['Transporte'],{'Transporte': 0.5},"{7: 1.0, 8: 1.0}"
230,https://www.elespanol.com/sociedad/20230904/pueblo-espana-llovio-dana-litros-agua-solo-horas/791921158_0.html,['Transporte'],{'Transporte': 0.5},"{7: 1.0, 8: 1.0}"
231,https://elpais.com/espana/2023-09-03/inundaciones-personas-atrapadas-y-carreteras-cortadas-por-el-temporal.html,"['Transporte', 'Sanidad']","{'Transporte': 0.75, 'Sanidad': 0.4166666666666667}","{6: 1.0, 7: 1.0, 8: 1.0, 10: 0.25, 11: 1.0}"
232,https://vivacadiz.es/cadiz/1345472/la-dana-pasa-casi-de-largo-por-cadiz-capital-con-ligeras-lluvias/,['Transporte'],{'Transporte': 0.1875},{8: 0.75}
233,https://www.portaldecadiz.com/cadiz-capital/90319-el-temporal-destroza-parte-de-la-terminal-maritima-servicio-de-catamaranes-suspendido-temporalmente,['Transporte'],{'Transporte': 0.25},{6: 1.0}
234,https://www.antena3.com/noticias/el-tiempo/actualidad/santander-inunda-brutal-tormenta_2023091265000a2fd60bc60001c7329f.html,"['Transporte', 'Sanidad']",{'Transporte': 0.25},{8: 1.0}
235,https://www.20minutos.es/noticia/5171549/0/tiempo-lluvias-santander-inundada-por-lluvia-trombas-agua/,['Transporte'],{'Transporte': 0.1875},{8: 0.75}
236,https://www.cope.es/emisoras/cantabria/cantabria-provincia/santander/noticias/lluvia-inunda-varias-zonas-santander-20230912_2893360,['Transporte'],{'Transporte': 0.25},{8: 1.0}
237,https://www.aemet.es/en/conocermas/borrascas/2022-2023/estudios_e_impactos/fien,['Transporte'],{'Transporte': 0.5},"{6: 1.0, 8: 1.0}"
238,https://metropoliabierta.elespanol.com/vivir-en-barcelona/20231028/un-avion-del-prat-con-destino-santander-regresa-barcelona-por-las-fuertes-rachas-de-viento/805419650_0.html,['Transporte'],{'Transporte': 0.125},{5: 0.5}
239,https://www.elperiodicomediterraneo.com/castello-provincia/2023/05/27/temporal-historico-estragos-castellon-rescates-87937643.html,"['Transporte', 'Sanidad']","{'Transporte': 0.25, 'Sanidad': 0.6666666666666666}","{8: 1.0, 10: 1.0, 11: 1.0}"
240,https://www.elplural.com/sociedad/videos-mas-espectaculares-paso-dana-espana_311507102,['Sanidad'],{'Sanidad': 0.6666666666666666},"{10: 1.0, 11: 1.0}"
241,https://www.lasexta.com/noticias/sociedad/fuerte-reventon-termico-deja-graves-inundaciones-burriana-nules_20230913650181fe7caa7b0001c084e2.html,['Transporte'],{'Transporte': 0.1875},{8: 0.75}
242,https://www.elperiodicomediterraneo.com/castello-provincia/2023/09/12/tiempo-castellon-lluvia-granizo-aemet-alerta-naranja-amarilla-92004960.html,"['Transporte', 'Agua y Alimentos']","{'Transporte': 0.375, 'Agua y Alimentos': 0.5833333333333334}","{7: 0.5, 8: 1.0, 14: 0.75, 16: 1.0}"
243,https://www.20minutos.es/imagenes/nacional/5169105-imagenes-dana-lluvias-tormentas-espana/,['Transporte'],{'Transporte': 0.4375},"{7: 0.75, 8: 1.0}"
244,https://www.betera.com/es/2023/09/15/las-fuertes-lluvias-de-la-manana-del-viernes-tambien-se-han-hecho-notar-en-betera/,"['Transporte', 'Sanidad']","{'Transporte': 0.375, 'Sanidad': 0.25}","{7: 0.75, 8: 0.75, 10: 0.75}"
245,https://www.publico.es/sociedad/tormentas-provocan-caida-arboles-y-cortes-transporte-valencia-y-castello.html,['Transporte'],{'Transporte': 0.1875},{7: 0.75}
246,https://efe.com/comunidad-valenciana/2023-09-13/burriana-intenta-recuperar-la-normalidad-tras-la-fuerte-tormenta-que-arraso-la-localidad/,['Agua y Alimentos'],{'Agua y Alimentos': 0.6666666666666666},"{14: 1.0, 16: 1.0}"
247,https://cadenaser.com/nacional/2023/09/13/una-borrasca-atlantica-llega-para-aguar-el-fin-de-semana-estas-son-las-zonas-donde-mas-llovera-cadena-ser/,['Transporte'],{'Transporte': 0.25},{8: 1.0}
248,https://www.elperiodicomediterraneo.com/castello-provincia/2023/09/15/directo-castellon-alerta-lluvias-aemet-92119165.html,['Transporte'],{'Transporte': 0.25},{8: 1.0}
249,https://castellonplaza.com/un-reventon-humedo-se-ceba-con-burriana-y-deja-arboles-arrasados-incendios-y-rescates,['Transporte'],{'Transporte': 0.3125},"{7: 0.25, 8: 1.0}"
250,https://www.elperiodic.com/burriana/video-tormenta-monumental-colapsa-provincia-castellon_921965,['Transporte'],{'Transporte': 0.25},{8: 1.0}
251,https://www.larazon.es/comunidad-valenciana/fuertes-lluvias-granizo-comunidad-valenciana-regresa-temporal_20230917650725de1fb4a60001398322.html,"['Transporte', 'Agua y Alimentos']","{'Transporte': 0.125, 'Agua y Alimentos': 0.6666666666666666}","{7: 0.5, 14: 1.0, 16: 1.0}"
252,https://cadenaser.com/comunitat-valenciana/2023/09/13/un-reventon-humedo-en-nules-y-burriana-deja-mas-de-100-incidencias-y-problemas-de-circulacion-radio-castellon/,['Transporte'],{'Transporte': 0.4375},"{7: 0.75, 8: 1.0}"
253,https://www.elperiodicomediterraneo.com/castello-provincia/2023/09/12/intenso-temporal-provoca-caos-burriana-92008426.html,['Transporte'],{'Transporte': 0.25},{8: 1.0}
254,https://cadenaser.com/comunitat-valenciana/2023/09/20/un-nuevo-reventon-humedo-deja-rachas-de-viento-de-100-kmh-en-nules-y-rios-de-agua-en-municipios-del-alto-palancia-radio-castellon/,['Transporte'],{'Transporte': 0.125},{7: 0.5}
255,https://www.agroclm.com/2023/11/06/caqui-citricos-olivar-y-aguacate-los-grandes-afectados-por-el-temporal-en-todas-las-comarcas-de-valencia-y-castellon/,['Agua y Alimentos'],{'Agua y Alimentos': 0.6666666666666666},"{14: 1.0, 16: 1.0}"
256,https://www.latribunadeciudadreal.es/noticia/zedf2ee7b-c0cf-523b-174769fcd24140d1/202309/la-lluvia-deja-seis-incidencias-y-casi-15-litros-en-la-capital,['Energia'],{'Energia': 0.23809523809523808},"{0: 0.25, 1: 0.5}"
257,https://www.bbc.com/mundo/articles/cn0g331dxw4o,"['Sanidad', 'Agua y Alimentos']","{'Sanidad': 0.8333333333333334, 'Agua y Alimentos': 0.3333333333333333}","{10: 1.0, 11: 1.0, 13: 1.0, 15: 1.0}"
258,https://www.antena3.com/noticias/el-tiempo/actualidad/video-dana-expres-inunda-100-casas-destroza-cosechas-iniesta-motilla-palancar_20230920650ac15d4fd7bf0001a62df2.html,"['Transporte', 'Agua y Alimentos']","{'Transporte': 0.1875, 'Agua y Alimentos': 0.6666666666666666}","{8: 0.75, 14: 1.0, 16: 1.0}"
259,https://efe.com/espana/2023-09-15/alerta-lluvia-espana-mediterraneo/,['Transporte'],{'Transporte': 0.25},{8: 1.0}
260,https://www.cmmedia.es/noticias/castilla-la-mancha/granizo-inundaciones-danos-pueblos-albacete-cuenca.html,['Transporte'],{'Transporte': 0.1875},{8: 0.75}
261,https://es.euronews.com/2023/09/13/libia-mas-de-6200-muertos-y-10-000-desaparecidos-por-el-ciclon-daniel-inundaciones-presas,"['Energia', 'Infraestructura digital']","{'Energia': 0.7142857142857143, 'Infraestructura digital': 0.18181818181818182}","{0: 1.0, 1: 1.0, 21: 1.0}"
262,https://www.latribunadeciudadreal.es/noticia/zd1b88132-a925-eee4-3602a803462d667f/202309/sin-rastro-de-la-lluvia-en-el-pantano,['Agua y Alimentos'],{'Agua y Alimentos': 0.8333333333333334},"{14: 0.75, 15: 1.0, 16: 0.75}"
263,https://www.lanzadigital.com/provincia/socuellamos/la-dana-provoca-siniestros-en-2-000-hectareas-agrarias-en-la-provincia-de-ciudad-real/,['Agua y Alimentos'],{'Agua y Alimentos': 0.6666666666666666},"{14: 1.0, 16: 1.0}"
264,https://www.latribunadeciudadreal.es/noticia/zcaef883c-f891-4482-bb688caec4bb11bb/202309/junta-moviliza-700-efectivos-para-limpiar-los-danos-de-la-dana,"['Sanidad', 'Agua y Alimentos']",{'Agua y Alimentos': 0.3333333333333333},{15: 1.0}
265,https://www.20minutos.es/lainformacion/economia-y-finanzas/-dinero-que-podras-reclamar-si-vives-esta-ciudad-te-afecto-dana-un-fuego-5284380/,"['Energia', 'Transporte']","{'Energia': 0.4166666666666667, 'Transporte': 0.4375}","{0: 0.75, 1: 0.25, 7: 0.75, 8: 1.0}"
266,https://www.rtve.es/noticias/20230904/dana-temporal-renfe-gratis-cambio-anulacion-billete/2455087.shtml,['Transporte'],{'Transporte': 0.25},{7: 1.0}
267,https://www.perfil.com/noticias/cordoba/arboles-caidos-y-cortes-de-luz-por-el-vendaval-en-la-ciudad-de-cordoba.phtml,['Energia'],{'Energia': 0.5952380952380952},"{0: 0.75, 1: 1.0}"
268,https://www.diariocordoba.com/cordoba-ciudad/2023/10/24/cordoba-sufre-rachas-viento-110-93669068.html,"['Energia', 'Transporte']","{'Energia': 0.35714285714285715, 'Transporte': 0.25}","{0: 0.5, 1: 0.5, 8: 1.0}"
269,https://www.lavoz.com.ar/servicios/en-fotos-el-desastre-que-provoco-el-viento-en-cordoba/,['Energia'],{'Energia': 0.4166666666666667},"{0: 0.5, 1: 0.75}"
270,https://semanariouniversidad.com/opinion/inundaciones-en-la-cuenca-del-rio-turrialba-procrastinacion-y-vision-futura/,['Transporte'],{'Transporte': 0.5},"{7: 1.0, 8: 1.0}"
271,https://www.elnacional.cat/es/sociedad/pantanos-catalunya-punto-llegar-nivel-mas-bajo-2008_1094994_102.html,['Agua y Alimentos'],{'Agua y Alimentos': 1.0},"{14: 1.0, 15: 1.0, 16: 1.0}"
272,https://elpais.com/espana/2023-09-20/un-centenar-de-casas-quedan-inundadas-por-las-lluvias-en-iniesta-cuenca.html,"['Transporte', 'Agua y Alimentos']","{'Transporte': 0.1875, 'Agua y Alimentos': 0.6666666666666666}","{8: 0.75, 14: 1.0, 16: 1.0}"
273,https://www.lasexta.com/noticias/sociedad/mas-100-casas-inundan-iniesta-cuenca-debido-fuertes-lluvias_20230920650ab0764fd7bf0001a60439.html,['Transporte'],{'Transporte': 0.25},{8: 1.0}
274,https://efe.com/espana/2023-09-20/fuertes-lluvias-incidencias/,['Transporte'],{'Transporte': 0.25},{8: 1.0}
275,https://www.20minutos.es/noticia/5174120/0/se-inundan-un-centenar-casas-iniesta-debido-las-fuertes-lluvias/,['Transporte'],{'Transporte': 0.25},{8: 1.0}
276,https://www.vocesdecuenca.com/provincia/lamancha/rescates-negocios-devastados-y-nuevas-oportunidades-historias-que-dejo-la-dana-en-las-tierras-de-cuenca/,['Transporte'],{'Transporte': 0.25},{8: 1.0}
277,https://efe.com/castilla-la-mancha/2023-09-26/los-afectados-por-la-dana-tienen-un-mes-para-pedir-ayudas/,"['Transporte', 'Agua y Alimentos']","{'Transporte': 0.25, 'Agua y Alimentos': 0.3333333333333333}","{8: 1.0, 15: 1.0}"
278,https://www.latribunadealbacete.es/noticia/zf682ccb6-0532-a817-45d330d4ffaba3d3/202309/la-dana-moviliza-al-sepei-en-albacete-y-el-sur-de-cuenca,['Agua y Alimentos'],{'Agua y Alimentos': 0.5833333333333334},"{14: 1.0, 16: 0.75}"
279,https://www.eitb.eus/es/noticias/sociedad/detalle/9208716/la-lluvia-complica-situacion-entre-gipuzkoa-y-navarra/,['Transporte'],{'Transporte': 0.25},{8: 1.0}
280,https://www.lasexta.com/noticias/sociedad/lluvias-torrenciales-dejan-inundaciones-navarra-gipuzkoa_202305206468bb8d277db7000166b6f5.html,['Transporte'],{'Transporte': 0.1875},{8: 0.75}
281,https://www.20minutos.es/noticia/5137565/0/la-dana-deja-fuertes-tormentas-granizadas-e-inundaciones-en-espana/,"['Transporte', 'Sanidad', 'Aguas Residuales']","{'Transporte': 0.1875, 'Sanidad': 0.3333333333333333, 'Aguas Residuales': 1.0}","{8: 0.75, 10: 1.0, 17: 1.0, 18: 1.0, 19: 1.0}"
282,https://www.publico.es/sociedad/lluvias-causan-inundaciones-obligan-cortar-carreteras-catalunya.html,"['Transporte', 'Aguas Residuales']","{'Transporte': 0.25, 'Aguas Residuales': 0.8823529411764706}","{8: 1.0, 17: 1.0, 19: 1.0}"
283,https://cronicaglobal.elespanol.com/vida/20230613/ovejas-muertas-carreteras-cortadas-tormentas-estragos-cataluna/771172959_0.html,['Transporte'],{'Transporte': 0.25},{8: 1.0}
284,https://www.ahoragranada.com/noticias/la-tormenta-deja-mas-de-un-centenar-de-incidencias-en-granada-la-mayoria-en-atarfe/,['Transporte'],{'Transporte': 0.125},{7: 0.5}
